variable,mean,median,sd,mad,q5,q95,rhat,ess_bulk,ess_tail
RR.peak,1.58378971069246,1.57696065240096,0.18264861926333,0.204619549799977,1.29845311881851,1.8852500975596,1.00772230921406,688.061052874874,2767.42783780617
RR.level,0.503768991444214,0.505178384247736,0.0844406504567674,0.0876548339155791,0.369161545257501,0.639387489968716,1.00589611606499,697.213995551661,2423.41282605374
RR.slope,0.687010058989002,0.425730038852044,0.829183154315951,0.359168560791155,0.0714024059246202,2.31267519942157,1.02105680804446,266.015266013774,57.9901255477915
